{
    "metrics": {
        "http_req_receiving": {
            "avg": 0.09526339999999993,
            "min": 0,
            "med": 0,
            "max": 25.3407,
            "p(90)": 0.2582900000000001,
            "p(95)": 0.5484149999999999
        },
        "data_received": {
            "count": 5823300,
            "rate": 2260473.043762879
        },
        "http_req_sending": {
            "min": 0,
            "med": 0.9993,
            "max": 48.6813,
            "p(90)": 7.0033,
            "p(95)": 14.302064999999967,
            "avg": 3.3500909
        },
        "data_sent": {
            "count": 694190,
            "rate": 269468.8204711681
        },
        "http_req_duration": {
            "avg": 469.9410065999998,
            "min": 0,
            "med": 373.32255,
            "max": 1461.1628,
            "p(90)": 1153.5986200000002,
            "p(95)": 1233.99884
        },
        "http_req_blocked": {
            "med": 108.7296,
            "max": 278.7827,
            "p(90)": 238.32122999999999,
            "p(95)": 255.96949999999995,
            "avg": 107.74811479999997,
            "min": 0
        },
        "http_req_connecting": {
            "min": 21.5687,
            "med": 31.7863,
            "max": 42.4652,
            "p(90)": 37.4677,
            "p(95)": 38.4655,
            "avg": 31.559421699999938
        },
        "http_req_waiting": {
            "p(90)": 1149.20163,
            "p(95)": 1230.934505,
            "avg": 466.4956523000001,
            "min": 0,
            "med": 366.6942,
            "max": 1459.1778
        },
        "http_req_failed": {
            "passes": 342,
            "fails": 658,
            "value": 0.342
        },
        "iterations": {
            "count": 1000,
            "rate": 388.17732965206653
        },
        "http_req_duration{expected_response:true}": {
            "avg": 714.1960586626136,
            "min": 25.9995,
            "med": 741.2736,
            "max": 1461.1628,
            "p(90)": 1193.50411,
            "p(95)": 1287.116555
        },
        "checks": {
            "fails": 11342,
            "passes": 658,
            "value": 0.05483333333333333
        },
        "iteration_duration": {
            "p(95)": 2405.591745,
            "avg": 1715.0537728999989,
            "min": 1032.2581,
            "med": 1579.4906,
            "max": 2553.7583,
            "p(90)": 2328.39329
        },
        "http_req_tls_handshaking": {
            "p(90)": 185.56565,
            "p(95)": 206.72624,
            "avg": 73.49260350000004,
            "min": 0,
            "med": 52.46765,
            "max": 218.764
        },
        "vus": {
            "value": 391,
            "min": 391,
            "max": 1000
        },
        "vus_max": {
            "value": 1000,
            "min": 1000,
            "max": 1000
        },
        "http_reqs": {
            "count": 1000,
            "rate": 388.17732965206653
        }
    },
    "root_group": {
        "checks": {
            "200 OK": {
                "name": "200 OK",
                "path": "::200 OK",
                "id": "e9654c443eff553da9e69eda7007924e",
                "passes": 658,
                "fails": 342
            },
            "201 Created": {
                "id": "728dcd977aae263ca314731145e1d447",
                "passes": 0,
                "fails": 1000,
                "name": "201 Created",
                "path": "::201 Created"
            },
            "204 No Content": {
                "name": "204 No Content",
                "path": "::204 No Content",
                "id": "54fa3c2eda34e1622fda2da5e0479fc5",
                "passes": 0,
                "fails": 1000
            },
            "400 Bad Request": {
                "name": "400 Bad Request",
                "path": "::400 Bad Request",
                "id": "eeae81934b9b58bccaf0184a6d070338",
                "passes": 0,
                "fails": 1000
            },
            "401 Unauthorized": {
                "name": "401 Unauthorized",
                "path": "::401 Unauthorized",
                "id": "6ae9254e6aefe7f0bafe5102fa7e20a5",
                "passes": 0,
                "fails": 1000
            },
            "403 Forbidden": {
                "name": "403 Forbidden",
                "path": "::403 Forbidden",
                "id": "655548b761742c5a7ad15aa7df3a5d9c",
                "passes": 0,
                "fails": 1000
            },
            "404 Not Found": {
                "name": "404 Not Found",
                "path": "::404 Not Found",
                "id": "df1528f9925ca236bac51008f77b774a",
                "passes": 0,
                "fails": 1000
            },
            "429 Too Many Requests": {
                "name": "429 Too Many Requests",
                "path": "::429 Too Many Requests",
                "id": "b810c35b9499cc7342fd415032e3a6aa",
                "passes": 0,
                "fails": 1000
            },
            "500 Internal Server Error": {
                "passes": 0,
                "fails": 1000,
                "name": "500 Internal Server Error",
                "path": "::500 Internal Server Error",
                "id": "3cd96245b24e869810efe46d533b0eef"
            },
            "502 Bad Gateway": {
                "name": "502 Bad Gateway",
                "path": "::502 Bad Gateway",
                "id": "712cb0ec189a11f31f0d6d0c0031b569",
                "passes": 0,
                "fails": 1000
            },
            "503 Service Unavailable": {
                "fails": 1000,
                "name": "503 Service Unavailable",
                "path": "::503 Service Unavailable",
                "id": "f1ea1a22be0dc738c385523a66ea1cd9",
                "passes": 0
            },
            "504 Gateway Timeout": {
                "id": "218efb729cb654723ccd57c6ebbebe29",
                "passes": 0,
                "fails": 1000,
                "name": "504 Gateway Timeout",
                "path": "::504 Gateway Timeout"
            }
        },
        "name": "",
        "path": "",
        "id": "d41d8cd98f00b204e9800998ecf8427e",
        "groups": {}
    }
}