{
    "metrics": {
        "http_req_failed": {
            "passes": 0,
            "fails": 1000,
            "value": 0
        },
        "http_reqs": {
            "count": 1000,
            "rate": 295.7963172589431
        },
        "http_req_duration{expected_response:true}": {
            "med": 1079.9421499999999,
            "max": 2254.2169,
            "p(90)": 1835.1336000000001,
            "p(95)": 1991.11582,
            "avg": 1083.6586982000001,
            "min": 58.5968
        },
        "iteration_duration": {
            "min": 1170.3215,
            "med": 2384.40125,
            "max": 3379.6995,
            "p(90)": 3157.90049,
            "p(95)": 3273.4464499999995,
            "avg": 2313.4191137000016
        },
        "checks": {
            "passes": 1000,
            "fails": 11000,
            "value": 0.08333333333333333
        },
        "vus": {
            "value": 257,
            "min": 257,
            "max": 1000
        },
        "vus_max": {
            "value": 1000,
            "min": 1000,
            "max": 1000
        },
        "http_req_blocked": {
            "min": 72.4428,
            "med": 175.34425,
            "max": 462.3371,
            "p(90)": 409.31963,
            "p(95)": 436.6137,
            "avg": 228.55095130000026
        },
        "http_req_sending": {
            "p(90)": 6.041890000000002,
            "p(95)": 8.00011,
            "avg": 2.3874901999999985,
            "min": 0,
            "med": 1.0004499999999998,
            "max": 29.0021
        },
        "http_req_waiting": {
            "avg": 1081.143487799998,
            "min": 54.5953,
            "med": 1077.0699,
            "max": 2252.2176,
            "p(90)": 1830.8858500000001,
            "p(95)": 1989.12722
        },
        "http_req_receiving": {
            "med": 0,
            "max": 2.2037,
            "p(90)": 0.54986,
            "p(95)": 0.8341449999999999,
            "avg": 0.12772019999999998,
            "min": 0
        },
        "data_sent": {
            "count": 640000,
            "rate": 189309.64304572358
        },
        "http_req_connecting": {
            "p(90)": 64.4686,
            "p(95)": 65.4654,
            "avg": 60.40884099999995,
            "min": 23.9997,
            "med": 62.4653,
            "max": 66.4674
        },
        "http_req_tls_handshaking": {
            "med": 111.80754999999999,
            "max": 404.0337,
            "p(90)": 348.22228,
            "p(95)": 377.7066449999999,
            "avg": 167.6246659999999,
            "min": 31.7252
        },
        "data_received": {
            "count": 8684000,
            "rate": 2568695.219076662
        },
        "http_req_duration": {
            "p(95)": 1991.11582,
            "avg": 1083.6586982000001,
            "min": 58.5968,
            "med": 1079.9421499999999,
            "max": 2254.2169,
            "p(90)": 1835.1336000000001
        },
        "iterations": {
            "count": 1000,
            "rate": 295.7963172589431
        }
    },
    "root_group": {
        "id": "d41d8cd98f00b204e9800998ecf8427e",
        "groups": {},
        "checks": {
                "200 OK": {
                    "passes": 1000,
                    "fails": 0,
                    "name": "200 OK",
                    "path": "::200 OK",
                    "id": "e9654c443eff553da9e69eda7007924e"
                },
                "201 Created": {
                    "path": "::201 Created",
                    "id": "728dcd977aae263ca314731145e1d447",
                    "passes": 0,
                    "fails": 1000,
                    "name": "201 Created"
                },
                "204 No Content": {
                    "fails": 1000,
                    "name": "204 No Content",
                    "path": "::204 No Content",
                    "id": "54fa3c2eda34e1622fda2da5e0479fc5",
                    "passes": 0
                },
                "400 Bad Request": {
                    "name": "400 Bad Request",
                    "path": "::400 Bad Request",
                    "id": "eeae81934b9b58bccaf0184a6d070338",
                    "passes": 0,
                    "fails": 1000
                },
                "401 Unauthorized": {
                    "id": "6ae9254e6aefe7f0bafe5102fa7e20a5",
                    "passes": 0,
                    "fails": 1000,
                    "name": "401 Unauthorized",
                    "path": "::401 Unauthorized"
                },
                "403 Forbidden": {
                    "name": "403 Forbidden",
                    "path": "::403 Forbidden",
                    "id": "655548b761742c5a7ad15aa7df3a5d9c",
                    "passes": 0,
                    "fails": 1000
                },
                "404 Not Found": {
                    "path": "::404 Not Found",
                    "id": "df1528f9925ca236bac51008f77b774a",
                    "passes": 0,
                    "fails": 1000,
                    "name": "404 Not Found"
                },
                "429 Too Many Requests": {
                    "path": "::429 Too Many Requests",
                    "id": "b810c35b9499cc7342fd415032e3a6aa",
                    "passes": 0,
                    "fails": 1000,
                    "name": "429 Too Many Requests"
                },
                "500 Internal Server Error": {
                    "name": "500 Internal Server Error",
                    "path": "::500 Internal Server Error",
                    "id": "3cd96245b24e869810efe46d533b0eef",
                    "passes": 0,
                    "fails": 1000
                },
                "502 Bad Gateway": {
                    "path": "::502 Bad Gateway",
                    "id": "712cb0ec189a11f31f0d6d0c0031b569",
                    "passes": 0,
                    "fails": 1000,
                    "name": "502 Bad Gateway"
                },
                "503 Service Unavailable": {
                    "id": "f1ea1a22be0dc738c385523a66ea1cd9",
                    "passes": 0,
                    "fails": 1000,
                    "name": "503 Service Unavailable",
                    "path": "::503 Service Unavailable"
                },
                "504 Gateway Timeout": {
                    "path": "::504 Gateway Timeout",
                    "id": "218efb729cb654723ccd57c6ebbebe29",
                    "passes": 0,
                    "fails": 1000,
                    "name": "504 Gateway Timeout"
                }
            },
        "name": "",
        "path": ""
    }
}