{
    "metrics": {
        "http_req_duration": {
            "max": 10360.0623,
            "p(90)": 8689.66906,
            "p(95)": 9135.459830000002,
            "avg": 5790.604963800006,
            "min": 0,
            "med": 6641.6121
        },
        "vus_max": {
            "max": 3000,
            "value": 3000,
            "min": 3000
        },
        "data_sent": {
            "rate": 155571.03617490528,
            "count": 1834240
        },
        "checks": {
            "passes": 2866,
            "fails": 33134,
            "value": 0.0796111111111111
        },
        "http_req_blocked": {
            "med": 694.2138,
            "max": 1357.0536,
            "p(90)": 1219.15097,
            "p(95)": 1273.9522,
            "avg": 769.0146096666663,
            "min": 0
        },
        "http_req_duration{expected_response:true}": {
            "avg": 6061.345042358694,
            "min": 862.4454,
            "med": 6774.9313,
            "max": 10360.0623,
            "p(90)": 8723.38085,
            "p(95)": 9145.50505
        },
        "http_req_tls_handshaking": {
            "avg": 570.9586809666674,
            "min": 0,
            "med": 498.9778,
            "max": 1127.9187,
            "p(90)": 991.53241,
            "p(95)": 1024.1095699999996
        },
        "vus": {
            "value": 174,
            "min": 174,
            "max": 3000
        },
        "http_req_failed": {
            "passes": 134,
            "fails": 2866,
            "value": 0.04466666666666667
        },
        "iteration_duration": {
            "avg": 7605.797079133333,
            "min": 1185.5554,
            "med": 8274.8961,
            "max": 11720.1323,
            "p(90)": 10709.90897,
            "p(95)": 11233.134934999998
        },
        "http_req_connecting": {
            "min": 91.2191,
            "med": 193.4238,
            "max": 307.001,
            "p(90)": 251.54995,
            "p(95)": 290.57374,
            "avg": 205.52282983333365
        },
        "http_req_receiving": {
            "med": 0,
            "max": 2.4518,
            "p(90)": 0.55901,
            "p(95)": 0.8285249999999998,
            "avg": 0.1417873666666667,
            "min": 0
        },
        "http_req_sending": {
            "min": 0,
            "med": 3.9972,
            "max": 55.7599,
            "p(90)": 11.020029999999997,
            "p(95)": 18.0001,
            "avg": 5.349734899999999
        },
        "iterations": {
            "count": 3000,
            "rate": 254.44495187364566
        },
        "http_req_waiting": {
            "med": 6639.5454,
            "max": 10359.0626,
            "p(90)": 8683.20195,
            "p(95)": 9127.894704999999,
            "avg": 5785.113441533318,
            "min": 0
        },
        "data_received": {
            "count": 24888344,
            "rate": 2110904.497098246
        },
        "http_reqs": {
            "count": 3000,
            "rate": 254.44495187364566
        }
    },
    "root_group": {
        "checks": {
            "200 OK": {
                "name": "200 OK",
                "path": "::200 OK",
                "id": "e9654c443eff553da9e69eda7007924e",
                "passes": 2866,
                "fails": 134
            },
            "201 Created": {
                "name": "201 Created",
                "path": "::201 Created",
                "id": "728dcd977aae263ca314731145e1d447",
                "passes": 0,
                "fails": 3000
            },
            "204 No Content": {
                "path": "::204 No Content",
                "id": "54fa3c2eda34e1622fda2da5e0479fc5",
                "passes": 0,
                "fails": 3000,
                "name": "204 No Content"
            },
            "400 Bad Request": {
                "fails": 3000,
                "name": "400 Bad Request",
                "path": "::400 Bad Request",
                "id": "eeae81934b9b58bccaf0184a6d070338",
                "passes": 0
            },
            "401 Unauthorized": {
                "name": "401 Unauthorized",
                "path": "::401 Unauthorized",
                "id": "6ae9254e6aefe7f0bafe5102fa7e20a5",
                "passes": 0,
                "fails": 3000
            },
            "403 Forbidden": {
                "name": "403 Forbidden",
                "path": "::403 Forbidden",
                "id": "655548b761742c5a7ad15aa7df3a5d9c",
                "passes": 0,
                "fails": 3000
            },
            "404 Not Found": {
                "name": "404 Not Found",
                "path": "::404 Not Found",
                "id": "df1528f9925ca236bac51008f77b774a",
                "passes": 0,
                "fails": 3000
            },
            "429 Too Many Requests": {
                "fails": 3000,
                "name": "429 Too Many Requests",
                "path": "::429 Too Many Requests",
                "id": "b810c35b9499cc7342fd415032e3a6aa",
                "passes": 0
            },
            "500 Internal Server Error": {
                "fails": 3000,
                "name": "500 Internal Server Error",
                "path": "::500 Internal Server Error",
                "id": "3cd96245b24e869810efe46d533b0eef",
                "passes": 0
            },
            "502 Bad Gateway": {
                "passes": 0,
                "fails": 3000,
                "name": "502 Bad Gateway",
                "path": "::502 Bad Gateway",
                "id": "712cb0ec189a11f31f0d6d0c0031b569"
            },
            "503 Service Unavailable": {
                "fails": 3000,
                "name": "503 Service Unavailable",
                "path": "::503 Service Unavailable",
                "id": "f1ea1a22be0dc738c385523a66ea1cd9",
                "passes": 0
            },
            "504 Gateway Timeout": {
                "path": "::504 Gateway Timeout",
                "id": "218efb729cb654723ccd57c6ebbebe29",
                "passes": 0,
                "fails": 3000,
                "name": "504 Gateway Timeout"
            }
        },
        "name": "",
        "path": "",
        "id": "d41d8cd98f00b204e9800998ecf8427e",
        "groups": {}
    }
}